id,username,post_link
"1","anveshaa_","https://instagram.fsin9-2.fna.fbcdn.net/v/t51.2885-15/e35/p1080x1080/93481890_222197535722998_226489628726558398_n.jpg?_nc_ht=instagram.fsin9-2.fna.fbcdn.net&_nc_cat=110&_nc_ohc=wlQG6Dpm7rkAX96rtaa&oh=3ec47646d1a15c60abff03ca1b721b4b&oe=5EC4C9E3"
"2","sam.ag_265","https://instagram.fsin9-2.fna.fbcdn.net/v/t51.2885-15/e35/93991088_2601374960138805_2949341250212732375_n.jpg?_nc_ht=instagram.fsin9-2.fna.fbcdn.net&_nc_cat=109&_nc_ohc=lHIOomFn-dcAX_rnp48&oh=2356e7da1c88d6f6e813e97c80f94729&oe=5EC6BD35"
"3","tharakan.captures","https://instagram.fsin9-1.fna.fbcdn.net/v/t51.2885-15/e35/p1080x1080/93266267_519910582230863_7273832259392868169_n.jpg?_nc_ht=instagram.fsin9-1.fna.fbcdn.net&_nc_cat=111&_nc_ohc=OidNV0JKns0AX-yd4RS&oh=c2882a619e1448b4134933e9b814eba6&oe=5EC4F11C"
"4","jk55752522001","https://instagram.fsin9-1.fna.fbcdn.net/v/t51.2885-15/e35/s1080x1080/94128202_519400855418792_2458081790505536196_n.jpg?_nc_ht=instagram.fsin9-1.fna.fbcdn.net&_nc_cat=108&_nc_ohc=G-ybTQnV3joAX9600BD&oh=83595da38e5cc1427d3f42b606e48811&oe=5EC7AA39"
"5","singer_suriya","https://instagram.fsin9-1.fna.fbcdn.net/v/t50.2886-16/93513949_3505918396101209_3258546427898174406_n.mp4?_nc_ht=instagram.fsin9-1.fna.fbcdn.net&_nc_cat=105&_nc_ohc=mLNxq8XT-XgAX_Lw4NI&oe=5E9F8F4A&oh=c43609723ad80716d87cbb5925372403"
"6","shxkir.ibrxhim","https://instagram.fsin9-2.fna.fbcdn.net/v/t51.2885-15/e35/p1080x1080/93840260_669020930561004_5861912095591919878_n.jpg?_nc_ht=instagram.fsin9-2.fna.fbcdn.net&_nc_cat=100&_nc_ohc=OAlV2Zgx-_MAX89uen7&oh=bc22ae907708d8a770d09672967a8a8c&oe=5EC6A406"
"7","kennethseb","https://instagram.fsin9-2.fna.fbcdn.net/v/t51.2885-15/e35/93967426_582171422395387_5443281495170999487_n.jpg?_nc_ht=instagram.fsin9-2.fna.fbcdn.net&_nc_cat=1&_nc_ohc=ZTBsEiA9aYQAX_uuwoY&oh=ae6bb8a05771f67f7911ad9a88c6c461&oe=5EC6B3C8"
"8","radhika_1999","https://instagram.fsin9-2.fna.fbcdn.net/v/t51.2885-15/e35/p1080x1080/93432161_229785751593360_4838112679062049520_n.jpg?_nc_ht=instagram.fsin9-2.fna.fbcdn.net&_nc_cat=100&_nc_ohc=aR-bHjUEjtIAX_8pEvs&oh=c7eccafbfa60eb25b718f5d59d30c2b5&oe=5EC74A7A"
"9","melissafumero","https://instagram.fsin9-2.fna.fbcdn.net/v/t51.2885-15/e35/p1080x1080/93500108_2845542082202300_7894284861374478419_n.jpg?_nc_ht=instagram.fsin9-2.fna.fbcdn.net&_nc_cat=1&_nc_ohc=1PtwPeQPSAgAX8Wtv8J&oh=99ef23cdba2e2cad8a0ea0140e4a4a84&oe=5EC4B41B"
"10","mydarlingmyla","https://instagram.fsin9-1.fna.fbcdn.net/v/t51.2885-15/e35/p1080x1080/93225969_637972433419915_6419094619412889198_n.jpg?_nc_ht=instagram.fsin9-1.fna.fbcdn.net&_nc_cat=107&_nc_ohc=pkCRNnR0uwQAX_eV010&oh=7a31dac0fda39b0d537baf33fee07550&oe=5EC4DE7E"
"11","masterofpipettes","https://instagram.fsin9-2.fna.fbcdn.net/v/t50.2886-16/93491942_258475248616182_3453391750289325860_n.mp4?_nc_ht=instagram.fsin9-2.fna.fbcdn.net&_nc_cat=106&_nc_ohc=ZWYJy_cTVVsAX-jXweD&oe=5E9F267E&oh=28e2094824856d2384d6624a4ba106e5"
"12","jassimshan","https://instagram.fsin9-2.fna.fbcdn.net/v/t51.2885-15/e35/p1080x1080/93991082_160591955286874_7064599206206263610_n.jpg?_nc_ht=instagram.fsin9-2.fna.fbcdn.net&_nc_cat=110&_nc_ohc=rXjRJsW2XqwAX8yvBVe&oh=6a31d4163698602277c639b939c4596d&oe=5EC6CF98"
"13","kennethseb","https://instagram.fsin9-2.fna.fbcdn.net/v/t50.2886-16/93224526_773535499841890_5330919841274333893_n.mp4?_nc_ht=instagram.fsin9-2.fna.fbcdn.net&_nc_cat=110&_nc_ohc=TiUlFP0Ai9QAX_xctde&oe=5E9F6ECE&oh=a8b01426be1df56c03f09322f0cbe6da"
"14","zakirkhan_208","https://instagram.fsin9-1.fna.fbcdn.net/v/t51.2885-15/e35/s1080x1080/92832764_256428585497126_3591067874447940264_n.jpg?_nc_ht=instagram.fsin9-1.fna.fbcdn.net&_nc_cat=102&_nc_ohc=Aln8_oKuILcAX95Cqr9&oh=44148a4480d65697af4e4b1ea6a3c43b&oe=5EC5655E"
"15","mydarlingmyla","https://instagram.fsin9-2.fna.fbcdn.net/v/t51.2885-15/e35/p1080x1080/93348969_543298079906385_4074705031540199349_n.jpg?_nc_ht=instagram.fsin9-2.fna.fbcdn.net&_nc_cat=109&_nc_ohc=T_E6w5JhzhoAX8R35Yi&oh=685b503b54f7a10fa00df09ea2ccb4a4&oe=5EC5C9FC"
"16","alecbenjamin","https://instagram.fsin9-2.fna.fbcdn.net/v/t50.2886-16/93379615_677603306333244_1815824232603091611_n.mp4?_nc_ht=instagram.fsin9-2.fna.fbcdn.net&_nc_cat=100&_nc_ohc=JITAL0j-4JUAX-qKA9a&oe=5E9F8560&oh=23793a1eaa6846d33451cf7a2ed8bd26"
"17","aanavi07","https://instagram.fsin9-2.fna.fbcdn.net/v/t51.2885-15/e35/93679467_331807014444678_3048965124949399508_n.jpg?_nc_ht=instagram.fsin9-2.fna.fbcdn.net&_nc_cat=106&_nc_ohc=FJcEfrHBOdEAX_Dsnzt&oh=34b8782d91369361f805230a86224f60&oe=5EC6D815"
"18","jassimshan","https://instagram.fsin9-2.fna.fbcdn.net/v/t51.2885-15/e35/p1080x1080/92968615_239135883877414_6787085094204597821_n.jpg?_nc_ht=instagram.fsin9-2.fna.fbcdn.net&_nc_cat=110&_nc_ohc=uWZHd8KQMfQAX-uOhQ4&oh=52085d0dcf378c5aeeba6906fda90e51&oe=5EC6F577"
"19","andrew_foy_","https://instagram.fsin9-2.fna.fbcdn.net/v/t50.2886-16/92476701_431163524415750_1660338532521393547_n.mp4?_nc_ht=instagram.fsin9-2.fna.fbcdn.net&_nc_cat=106&_nc_ohc=jenfGGmPSZoAX8BQaPD&oe=5E9F2635&oh=10c1135076c32bf9be76e203cc0c6855"
"20","kennethseb","https://instagram.fsin9-1.fna.fbcdn.net/v/t51.2885-15/e35/93374429_867306247105072_2062784462868367757_n.jpg?_nc_ht=instagram.fsin9-1.fna.fbcdn.net&_nc_cat=104&_nc_ohc=QGPF9FTVLAQAX_qf-HX&oh=06b3e8ef5aa66b4833f780738fd7be9a&oe=5EC63FFD"
"21","abhi_singh_wazir","https://instagram.fsin9-1.fna.fbcdn.net/v/t51.2885-15/e35/p1080x1080/93850156_157195045823849_8064872063540352226_n.jpg?_nc_ht=instagram.fsin9-1.fna.fbcdn.net&_nc_cat=105&_nc_ohc=greLExYwE7EAX9dWiL1&oh=2f3fd6dfc529b862a36bf314eb677299&oe=5EC7E1E6"
"22","steevanseb","https://instagram.fsin9-2.fna.fbcdn.net/v/t51.2885-15/e35/93469157_146794513520545_6861044749646024897_n.jpg?_nc_ht=instagram.fsin9-2.fna.fbcdn.net&_nc_cat=101&_nc_ohc=wRmZ1J7Pr70AX-ioT7n&oh=934fcf292c7111d36f1cea31d80004db&oe=5EC52817"
"23","bhuvan.bam22","https://instagram.fsin9-2.fna.fbcdn.net/v/t51.2885-15/e35/s1080x1080/93221666_284502459214038_3576330977371337249_n.jpg?_nc_ht=instagram.fsin9-2.fna.fbcdn.net&_nc_cat=106&_nc_ohc=SHyZIAFFXxAAX8PH8Mi&oh=4d939336e3bc0bcd09e2b640fc92e38c&oe=5EC5BFCC"
"24","shawartma","https://instagram.fsin9-2.fna.fbcdn.net/v/t51.2885-15/e35/s1080x1080/93869928_1371116116428921_3949346822248368357_n.jpg?_nc_ht=instagram.fsin9-2.fna.fbcdn.net&_nc_cat=109&_nc_ohc=jFbUAqw4ywYAX-ekJOt&oh=8e1a4e6d3526ddddd024317acafb6274&oe=5EC7F133"
"25","__j00__j00__","https://instagram.fsin9-2.fna.fbcdn.net/v/t51.2885-15/e35/s1080x1080/93598303_230077194907035_2051079856147045354_n.jpg?_nc_ht=instagram.fsin9-2.fna.fbcdn.net&_nc_cat=103&_nc_ohc=CmBGTSkQYSgAX9k7y_d&oh=7546f60955455ff543040c6ce5876bd6&oe=5EC56253"
"26","mohammedsiddiq86126","https://instagram.fsin9-2.fna.fbcdn.net/v/t51.2885-15/e35/93421037_153906852698292_2490444036723893735_n.jpg?_nc_ht=instagram.fsin9-2.fna.fbcdn.net&_nc_cat=100&_nc_ohc=VDNZcCph_DUAX-Bf3hm&oh=5fe484e762c97dd179c85c9f88ba3dda&oe=5EC7B17A"
"27","hasanminhaj","https://instagram.fsin9-2.fna.fbcdn.net/v/t50.2886-16/92987830_643663993081158_6441974073522755656_n.mp4?_nc_ht=instagram.fsin9-2.fna.fbcdn.net&_nc_cat=106&_nc_ohc=TENROusU368AX_6cIrw&oe=5E9F4DC6&oh=9c36d3022fa0eeb8a2a22bac527ab645"
"28","alecbenjamin","https://instagram.fsin9-2.fna.fbcdn.net/v/t51.2885-15/e35/s1080x1080/93220950_546735199305934_7295251404875014538_n.jpg?_nc_ht=instagram.fsin9-2.fna.fbcdn.net&_nc_cat=110&_nc_ohc=O_nzN0mEu4QAX8f69Ky&oh=3bada7af9157e5489f972f84ccf71f3c&oe=5EC583A9"
"29","mohammedsiddiq86126","https://instagram.fsin9-2.fna.fbcdn.net/v/t51.2885-15/e35/93118051_645550009338231_6260129208961771675_n.jpg?_nc_ht=instagram.fsin9-2.fna.fbcdn.net&_nc_cat=103&_nc_ohc=rZqLw0yrcqcAX-vlAUR&oh=5445eb4a2ec3f529b46bef2752070cbc&oe=5EC76BBC"
"30","pvijaikr","https://instagram.fsin9-1.fna.fbcdn.net/v/t51.2885-15/e35/93638462_1544040802430663_5064577744565672713_n.jpg?_nc_ht=instagram.fsin9-1.fna.fbcdn.net&_nc_cat=111&_nc_ohc=XykXPg_l2xkAX-yOMf3&oh=4d1874807f476422548eaf12d8b1788d&oe=5EC49894"
"31","kanangill","https://instagram.fsin9-2.fna.fbcdn.net/v/t50.2886-16/93932034_225209471916466_3606705559708350578_n.mp4?_nc_ht=instagram.fsin9-2.fna.fbcdn.net&_nc_cat=110&_nc_ohc=Ru90-BT8CWkAX_Y-R-n&oe=5E9F22BF&oh=1e12079f102eed28a0a8f9d2546348d1"
"32","nikhita_99","https://instagram.fsin9-2.fna.fbcdn.net/v/t51.2885-15/e35/93905692_249597639510804_4796290933401789845_n.jpg?_nc_ht=instagram.fsin9-2.fna.fbcdn.net&_nc_cat=100&_nc_ohc=Uauq85sTkaoAX8QNed2&oh=e53aa57dcf65944da74fd56b230b9bfd&oe=5EC4BBFD"
"33","b._.enita","https://instagram.fsin9-1.fna.fbcdn.net/v/t51.2885-15/e35/93111091_971501606602244_823281797344358949_n.jpg?_nc_ht=instagram.fsin9-1.fna.fbcdn.net&_nc_cat=108&_nc_ohc=9eyNTgMObWEAX_NjPYU&oh=f3165bb1e05010788371df48351dc634&oe=5EC640DF"
"34","adapanjali","https://instagram.fsin9-2.fna.fbcdn.net/v/t51.2885-15/e35/p1080x1080/92899331_521141948563489_4608901898850327243_n.jpg?_nc_ht=instagram.fsin9-2.fna.fbcdn.net&_nc_cat=101&_nc_ohc=MtJa-Y7Xp1cAX-s88mz&oh=aadc005d54d873be8ba5f03204354062&oe=5EC68C76"
"35","bhuvan.bam22","https://instagram.fsin9-2.fna.fbcdn.net/v/t50.2886-16/94147337_226558858415761_8270887448480796751_n.mp4?_nc_ht=instagram.fsin9-2.fna.fbcdn.net&_nc_cat=101&_nc_ohc=Hl-VJAdy4Q0AX-b4dqw&oe=5E9F79C4&oh=a823406bfd4bd0a8c8943379b681162d"
"36","jassimshan","https://instagram.fsin9-2.fna.fbcdn.net/v/t51.2885-15/e35/p1080x1080/94078725_161508398482873_9117587297818135867_n.jpg?_nc_ht=instagram.fsin9-2.fna.fbcdn.net&_nc_cat=101&_nc_ohc=hJrUVhLbkJgAX-v53Vw&oh=5234e36f78ee2b57a87f4f39df9f37e6&oe=5EC8696C"
"37","mona_chowdary_sai","https://instagram.fsin9-1.fna.fbcdn.net/v/t51.2885-15/e35/93519454_521545075454453_3981302531111348551_n.jpg?_nc_ht=instagram.fsin9-1.fna.fbcdn.net&_nc_cat=105&_nc_ohc=4KEE0vieS30AX-K3lpv&oh=67388c2cd9c63cb9d86882657650d5ec&oe=5EC756E4"
"38","__.harini_ramki.__","https://instagram.fsin9-2.fna.fbcdn.net/v/t51.2885-15/e35/s1080x1080/93817817_220322775901032_5453827488019083469_n.jpg?_nc_ht=instagram.fsin9-2.fna.fbcdn.net&_nc_cat=100&_nc_ohc=-jGvbIzU39kAX_ZmcI1&oh=60f6cdd85aa8e3321b7b3c68aacd6081&oe=5EC866C0"
"39","__.harini_ramki.__","https://instagram.fsin9-2.fna.fbcdn.net/v/t51.2885-15/e35/s1080x1080/93122112_250171333039446_835505433658594325_n.jpg?_nc_ht=instagram.fsin9-2.fna.fbcdn.net&_nc_cat=106&_nc_ohc=hQLXvX8BvNUAX__nnF_&oh=e0861706bc8e5e2d64fec496e68216be&oe=5EC60709"
"40","shawartma","https://instagram.fsin9-2.fna.fbcdn.net/v/t51.2885-15/e35/p1080x1080/93795348_230331481658770_900396409872677551_n.jpg?_nc_ht=instagram.fsin9-2.fna.fbcdn.net&_nc_cat=110&_nc_ohc=5AV4g4xoD4UAX9aykAY&oh=10b988eb8c73c98dc1feb30035a8504b&oe=5EC5C3F8"
"41","sankalp_satsangi","https://instagram.fsin9-1.fna.fbcdn.net/v/t51.2885-15/e35/p1080x1080/93052356_1255320518004353_6676684958532449248_n.jpg?_nc_ht=instagram.fsin9-1.fna.fbcdn.net&_nc_cat=105&_nc_ohc=snNtJtoMAFcAX8osSo7&oh=334a6f2f6ea8bfed7ca48dd248039d1a&oe=5EC8114B"
"42","thatfingerstyleguitarist","https://instagram.fsin9-2.fna.fbcdn.net/v/t50.2886-16/92793885_175526910158199_6954938819801227447_n.mp4?_nc_ht=instagram.fsin9-2.fna.fbcdn.net&_nc_cat=103&_nc_ohc=tyAGau1iXVMAX-rb9gv&oe=5E9F2C4B&oh=8e2eb8d882cd1b03f98163fc4ffb90b9"
"43","mydarlingmyla","https://instagram.fsin9-2.fna.fbcdn.net/v/t50.2886-16/93184012_231805364836761_653797448444196584_n.mp4?_nc_ht=instagram.fsin9-2.fna.fbcdn.net&_nc_cat=109&_nc_ohc=sKeOjmLA5_4AX_X2pyS&oe=5E9F0BCB&oh=de921335dbf239177192cf480061a5ef"
"44","shawartma","https://instagram.fsin9-2.fna.fbcdn.net/v/t51.2885-15/e35/s1080x1080/92771895_1079561095761429_3340202264607305358_n.jpg?_nc_ht=instagram.fsin9-2.fna.fbcdn.net&_nc_cat=109&_nc_ohc=AHF3phvI0zYAX9Mz3oR&oh=19e702e8dcb6d13aae201def3e05c35b&oe=5EC4F3BB"
"45","tharakan.captures","https://instagram.fsin9-2.fna.fbcdn.net/v/t51.2885-15/e35/p1080x1080/93245321_236165047585674_3891739345072048766_n.jpg?_nc_ht=instagram.fsin9-2.fna.fbcdn.net&_nc_cat=106&_nc_ohc=EvhoGjdox8YAX-w9uQv&oh=64c3a95a47abec96138fe1de11787dbf&oe=5EC60010"
"46","robertdowneyjr","https://instagram.fsin9-1.fna.fbcdn.net/v/t50.2886-16/93400051_2617614621849259_6554339388988647198_n.mp4?_nc_ht=instagram.fsin9-1.fna.fbcdn.net&_nc_cat=107&_nc_ohc=BvRsCfnHe6oAX-Bx-bp&oe=5E9F899A&oh=0c967d5c76fc3a724849b2640976ff1c"
"47","radhika_1999","https://instagram.fsin9-1.fna.fbcdn.net/v/t51.2885-15/e35/p1080x1080/93262348_565310060787055_5040790034360055610_n.jpg?_nc_ht=instagram.fsin9-1.fna.fbcdn.net&_nc_cat=107&_nc_ohc=f6vSuIPIGVAAX9V-zxp&oh=f90be7fe3a42ef7e7f10ccb8c33833da&oe=5EC6342B"
"48","drummerboiswaps","https://instagram.fsin9-2.fna.fbcdn.net/v/t50.2886-16/93965586_296634974687700_8153299896634942267_n.mp4?_nc_ht=instagram.fsin9-2.fna.fbcdn.net&_nc_cat=100&_nc_ohc=dwxJgAc5KxwAX8SvLkn&oe=5E9F832F&oh=ddb961a74657709ccef2273b58057ba2"
"49","zakirkhan_208","https://instagram.fsin9-2.fna.fbcdn.net/v/t51.2885-15/e35/93793187_258670595267193_7468598348913174913_n.jpg?_nc_ht=instagram.fsin9-2.fna.fbcdn.net&_nc_cat=109&_nc_ohc=mO_YukPUvfcAX_T8mo3&oh=013153207894a50cbf64daf05f290695&oe=5EC7F5EF"
"50","melissafumero","https://instagram.fsin9-2.fna.fbcdn.net/v/t51.2885-15/e35/p1080x1080/92663624_1893067750825625_303005945466917483_n.jpg?_nc_ht=instagram.fsin9-2.fna.fbcdn.net&_nc_cat=1&_nc_ohc=FdH76jgH0JIAX-k_4r5&oh=314cab0c6ed190ec10d59921f559b936&oe=5EC48DAE"
"51","rosemary.44","https://instagram.fsin9-2.fna.fbcdn.net/v/t50.2886-16/94032563_156048439214434_6126886802116026920_n.mp4?_nc_ht=instagram.fsin9-2.fna.fbcdn.net&_nc_cat=110&_nc_ohc=lfvvaCvtrK4AX8V2lYp&oe=5E9F57EF&oh=2ecf9ed46fa3fc0d4dfcce1ef4f78482"
"52","alecbenjamin","https://instagram.fsin9-2.fna.fbcdn.net/v/t51.2885-15/e35/p1080x1080/93028945_136360844614354_2603455055740232463_n.jpg?_nc_ht=instagram.fsin9-2.fna.fbcdn.net&_nc_cat=110&_nc_ohc=OvUIOVmgziMAX95_yzQ&oh=1a64c48366b646ae9b99a6e1f6f7637f&oe=5EC813F9"
"53","jassimshan","https://instagram.fsin9-1.fna.fbcdn.net/v/t51.2885-15/e35/p1080x1080/93793192_1122140508132371_2284763606834691876_n.jpg?_nc_ht=instagram.fsin9-1.fna.fbcdn.net&_nc_cat=111&_nc_ohc=qmA0JghcnJcAX8JZq9Y&oh=8ce3c4eb648883aad1fc74e9f4108030&oe=5EC4C8FB"
"54","singer_suriya","https://instagram.fsin9-1.fna.fbcdn.net/v/t50.2886-16/92546978_2884880634913987_820312098168218421_n.mp4?_nc_ht=instagram.fsin9-1.fna.fbcdn.net&_nc_cat=107&_nc_ohc=g495pPOE_i0AX8qwnNN&oe=5E9F032A&oh=5d00443ad74ebd2f87b1c9dc9e8d6c17"
"55","minisouuu","https://instagram.fsin9-2.fna.fbcdn.net/v/t51.2885-15/e35/s1080x1080/92936065_2486934998303430_636213331271491668_n.jpg?_nc_ht=instagram.fsin9-2.fna.fbcdn.net&_nc_cat=106&_nc_ohc=snDigsAmt_kAX9g6R-F&oh=7b065de7d70f45cd6640d0c2cc7a7a67&oe=5EC68103"
"56","sankalp_satsangi","https://instagram.fsin9-1.fna.fbcdn.net/v/t51.2885-15/e35/p1080x1080/92711813_216555233098084_4483998831493543612_n.jpg?_nc_ht=instagram.fsin9-1.fna.fbcdn.net&_nc_cat=104&_nc_ohc=Irqz4ylq3ekAX-ToSLV&oh=5173d4e9b85701e95d16a02101eb1427&oe=5EC5A870"
"57","nikitha_anand","https://instagram.fsin9-1.fna.fbcdn.net/v/t51.2885-15/e35/s1080x1080/92962920_848456449001675_4172714784003405688_n.jpg?_nc_ht=instagram.fsin9-1.fna.fbcdn.net&_nc_cat=111&_nc_ohc=6RiydgAYWDMAX_3uLJx&oh=5f8380ffcde6ab00392929bf3d3cd10f&oe=5EC6D7F9"
"58","alecbenjamin","https://instagram.fsin9-1.fna.fbcdn.net/v/t51.2885-15/e35/p1080x1080/93404393_723677448375344_4014817333592737877_n.jpg?_nc_ht=instagram.fsin9-1.fna.fbcdn.net&_nc_cat=108&_nc_ohc=hcJI2m0k5swAX91Mq1v&oh=f8348a6e1d5d9ea9455edf40c64a0c71&oe=5EC4989F"
"59","tharakan.captures","https://instagram.fsin9-2.fna.fbcdn.net/v/t51.2885-15/e35/92818129_890255021397297_1019727651784811922_n.jpg?_nc_ht=instagram.fsin9-2.fna.fbcdn.net&_nc_cat=109&_nc_ohc=tN2UuYhAYK8AX-Ahlgt&oh=09158d03eb062a6db07e7fe7f5d1780e&oe=5EC67432"
"60","mydarlingmyla","https://instagram.fsin9-1.fna.fbcdn.net/v/t51.2885-15/e35/92672550_943357576082815_2937783779087458384_n.jpg?_nc_ht=instagram.fsin9-1.fna.fbcdn.net&_nc_cat=107&_nc_ohc=IKoQCzNWAREAX_Kb-iZ&oh=e6d3b099c0d0123a19493655bff0a2d8&oe=5EC6470F"
"61","__.harini_ramki.__","https://instagram.fsin9-2.fna.fbcdn.net/v/t51.2885-15/e35/s1080x1080/93715722_126018062349862_6442523419290208336_n.jpg?_nc_ht=instagram.fsin9-2.fna.fbcdn.net&_nc_cat=110&_nc_ohc=_7VfR-AN6wQAX-ILY8-&oh=5e9525e217320e0724f7fe8e47d4f177&oe=5EC7694E"
"62","mydarlingmyla","https://instagram.fsin9-2.fna.fbcdn.net/v/t51.2885-15/e35/p1080x1080/92694612_245935549880197_1310574952248611014_n.jpg?_nc_ht=instagram.fsin9-2.fna.fbcdn.net&_nc_cat=101&_nc_ohc=9UZ3TUeNH1MAX9sYrFc&oh=ec35e15c80e63401ea34087b0a5cba5c&oe=5EC51225"
"63","_purwar_","https://instagram.fsin9-2.fna.fbcdn.net/v/t51.2885-15/e35/92820014_180076699649364_45826739417498288_n.jpg?_nc_ht=instagram.fsin9-2.fna.fbcdn.net&_nc_cat=100&_nc_ohc=F-BofD5xOWYAX-iZYJy&oh=2816d2fe1ad909521cb5298484b52b8e&oe=5EC711A0"
"64","shawartma","https://instagram.fsin9-1.fna.fbcdn.net/v/t51.2885-15/e35/s1080x1080/93373621_544416263151808_5117013491241081654_n.jpg?_nc_ht=instagram.fsin9-1.fna.fbcdn.net&_nc_cat=104&_nc_ohc=raoJ9NF7IQIAX__XnAg&oh=193bdca7dc4c345cbd026f10d66495b7&oe=5EC5428A"
"65","tanak_b","https://instagram.fsin9-1.fna.fbcdn.net/v/t51.2885-15/e35/s1080x1080/92538335_261107361951647_6277145685707008632_n.jpg?_nc_ht=instagram.fsin9-1.fna.fbcdn.net&_nc_cat=111&_nc_ohc=BoUGMLqKKDUAX9OhcXb&oh=76aa1e5c4b6a160722226cf65cf480fd&oe=5EC550CF"
"66","goforpuns","https://instagram.fsin9-1.fna.fbcdn.net/v/t51.2885-15/e35/93139638_544089792917546_8457342457262955032_n.jpg?_nc_ht=instagram.fsin9-1.fna.fbcdn.net&_nc_cat=102&_nc_ohc=H2FL6lWFgN0AX_nEPjz&oh=1ff0a0487a511bbd22bf3c43b5e17525&oe=5EC50942"
"67","kennethseb","https://instagram.fsin9-1.fna.fbcdn.net/v/t51.2885-15/e35/92810186_512795245991000_6728467933252878355_n.jpg?_nc_ht=instagram.fsin9-1.fna.fbcdn.net&_nc_cat=108&_nc_ohc=Rg7Ku6f0-isAX9rySQS&oh=a63e9651534a07db739ab7dde6c487dc&oe=5EC51F1F"
"68","benison_12","https://instagram.fsin9-1.fna.fbcdn.net/v/t51.2885-15/e35/92854935_903563413416071_90928513722053936_n.jpg?_nc_ht=instagram.fsin9-1.fna.fbcdn.net&_nc_cat=111&_nc_ohc=ePTYBXHYLnUAX-5BzXX&oh=c5ac2ea0801180f6a3729ca713005f52&oe=5EC7EC7B"
"69","mydarlingmyla","https://instagram.fsin9-1.fna.fbcdn.net/v/t51.2885-15/e35/s1080x1080/93019454_515493635791907_8587442617871027629_n.jpg?_nc_ht=instagram.fsin9-1.fna.fbcdn.net&_nc_cat=111&_nc_ohc=p9EJ1SE_17UAX-iLBDT&oh=e0684f5d580e6ff43e39edac2aba3844&oe=5EC4EFA3"
"70","jassimshan","https://instagram.fsin9-2.fna.fbcdn.net/v/t51.2885-15/e35/p1080x1080/93137000_838331166669432_2835844530582363877_n.jpg?_nc_ht=instagram.fsin9-2.fna.fbcdn.net&_nc_cat=100&_nc_ohc=VbSjG64Yc1MAX-Rq6rf&oh=eaaca510649fb437185978ece20d23d5&oe=5EC70C1C"
"71","milkweedz","https://instagram.fsin9-2.fna.fbcdn.net/v/t51.2885-15/e35/p1080x1080/92459956_149067176637949_6325804443052633626_n.jpg?_nc_ht=instagram.fsin9-2.fna.fbcdn.net&_nc_cat=101&_nc_ohc=Y3_yPVeru_kAX8-RMnS&oh=4c0ad01d2b4b12f0e72974086eba5992&oe=5EC629A0"
"72","robertdowneyjr","https://instagram.fsin9-2.fna.fbcdn.net/v/t51.2885-15/e35/p1080x1080/92470844_109573437379294_1857596072132193035_n.jpg?_nc_ht=instagram.fsin9-2.fna.fbcdn.net&_nc_cat=110&_nc_ohc=AQTpgLv7v6gAX-ap5z_&oh=36808d6aaa8acd5c9eff54841b460b42&oe=5EC52A87"
"73","siddhant_apte","https://instagram.fsin9-2.fna.fbcdn.net/v/t51.2885-15/e35/92630779_2885935468149133_6168814687902691601_n.jpg?_nc_ht=instagram.fsin9-2.fna.fbcdn.net&_nc_cat=101&_nc_ohc=xE0J3Dn8D8cAX9ryF0J&oh=b7c68ce7e8455a9e2c6fdf53da44fbab&oe=5EC76C1B"
"74","masterofpipettes","https://instagram.fsin9-1.fna.fbcdn.net/v/t50.2886-16/92793636_266974727803478_7121039027464760793_n.mp4?_nc_ht=instagram.fsin9-1.fna.fbcdn.net&_nc_cat=102&_nc_ohc=MXGY0-bMR98AX9Fvdw8&oe=5E9F3AC1&oh=5676751d7e6a006fb97d7ca26736d084"
"75","tharakan.captures","https://instagram.fsin9-2.fna.fbcdn.net/v/t51.2885-15/e35/p1080x1080/93073087_215699669756925_1379228132401787074_n.jpg?_nc_ht=instagram.fsin9-2.fna.fbcdn.net&_nc_cat=109&_nc_ohc=Mkcl7Jar3WoAX8w9dCx&oh=48f860154de4d5a75b3b5a38e173abf4&oe=5EC6DA65"
"76","vishal.raj23","https://instagram.fsin9-2.fna.fbcdn.net/v/t51.2885-15/e35/s1080x1080/93159300_612587082628222_645840709380183962_n.jpg?_nc_ht=instagram.fsin9-2.fna.fbcdn.net&_nc_cat=110&_nc_ohc=_9BwY-m1zF0AX-4E6PU&oh=200657836c494adedad6b5382e17f791&oe=5EC6B39F"
"77","andrew_foy_","https://instagram.fsin9-1.fna.fbcdn.net/v/t51.2885-15/e35/s1080x1080/92751762_147602626748407_6532218373218084779_n.jpg?_nc_ht=instagram.fsin9-1.fna.fbcdn.net&_nc_cat=107&_nc_ohc=T2Kl2mp4n50AX_BM5hs&oh=81abfe308b0d922fa452f47aa44cfc07&oe=5EC4E239"
"78","mydarlingmyla","https://instagram.fsin9-2.fna.fbcdn.net/v/t51.2885-15/e35/s1080x1080/92914994_538997300092338_9185112603790267252_n.jpg?_nc_ht=instagram.fsin9-2.fna.fbcdn.net&_nc_cat=106&_nc_ohc=MxORSUwRoLUAX_09wXj&oh=25e237b795ef734a95a5a12b9cea9e71&oe=5EC83930"
"79","alecbenjamin","https://instagram.fsin9-1.fna.fbcdn.net/v/t51.2885-15/e35/p1080x1080/92366121_512776706006591_5458167836074061863_n.jpg?_nc_ht=instagram.fsin9-1.fna.fbcdn.net&_nc_cat=111&_nc_ohc=owHdwng-GmwAX88_dTF&oh=3bfbe559df57684fd2157e318845516f&oe=5EC4FA04"
"80","sharvarigupta","https://instagram.fsin9-1.fna.fbcdn.net/v/t51.2885-15/e35/s1080x1080/92710996_315301336109075_5630402192852230251_n.jpg?_nc_ht=instagram.fsin9-1.fna.fbcdn.net&_nc_cat=111&_nc_ohc=SbHcp4YoyuYAX-KmjZz&oh=8e45fe9ab2380845d78b087bb76bd028&oe=5EC69945"
"81","tanmaybhat","https://instagram.fsin9-2.fna.fbcdn.net/v/t51.2885-15/e35/s1080x1080/92406828_145899543635454_8391423463414205447_n.jpg?_nc_ht=instagram.fsin9-2.fna.fbcdn.net&_nc_cat=106&_nc_ohc=0PPzk-4wsiYAX8kzAGz&oh=1f4aad10622d8c654c914c0276e93787&oe=5EC68F99"
"82","bhuvan.bam22","https://instagram.fsin9-2.fna.fbcdn.net/v/t51.2885-15/e35/p1080x1080/93186335_223059812097706_391389253707990525_n.jpg?_nc_ht=instagram.fsin9-2.fna.fbcdn.net&_nc_cat=110&_nc_ohc=FE1iWQpjVlcAX84K_Z2&oh=04812cf2d0ac9060f715680a7ed90f0a&oe=5EC6D20D"
"83","darkpandawarrior","https://instagram.fsin9-2.fna.fbcdn.net/v/t51.2885-15/e35/92498723_125741292368938_1681893908089896651_n.jpg?_nc_ht=instagram.fsin9-2.fna.fbcdn.net&_nc_cat=110&_nc_ohc=3Kp4LN0gLTYAX_S0jHu&oh=681cca4d60905890d0d4015e3158e212&oe=5EC7A563"
"84","arcadier","https://instagram.fsin9-2.fna.fbcdn.net/v/t51.2885-15/e35/92948509_222037282224240_1652086692405781689_n.jpg?_nc_ht=instagram.fsin9-2.fna.fbcdn.net&_nc_cat=100&_nc_ohc=xlw77J1-DEAAX-gIpRm&oh=1e488cb62ba3202907cf77eaada2606f&oe=5EC670BB"
"85","ntuindiandance","https://instagram.fsin9-2.fna.fbcdn.net/v/t51.2885-15/e35/92471541_900825293733490_7455413969138903363_n.jpg?_nc_ht=instagram.fsin9-2.fna.fbcdn.net&_nc_cat=110&_nc_ohc=gGItu-LWsZAAX8IwcO9&oh=a3502d3938a1d69dd3ad4d4e7e657ea1&oe=5EC50C81"
"86","mohammedsiddiq86126","https://instagram.fsin9-2.fna.fbcdn.net/v/t51.2885-15/e35/92767176_857765941390249_8824188448278438295_n.jpg?_nc_ht=instagram.fsin9-2.fna.fbcdn.net&_nc_cat=101&_nc_ohc=bQeHB7-zD4IAX-Cs6Cg&oh=c3704388c69d8b0e9f94f68c2aca79f3&oe=5EC6CD2D"
"87","kennethseb","https://instagram.fsin9-1.fna.fbcdn.net/v/t51.2885-15/e35/s1080x1080/92297527_565272687428228_3625006457327442319_n.jpg?_nc_ht=instagram.fsin9-1.fna.fbcdn.net&_nc_cat=108&_nc_ohc=lSbmZsWDTEcAX9lPAPX&oh=49daee9bea0bd3078dae9e208013f8bf&oe=5EC50563"
"88","pooriii09","https://instagram.fsin9-1.fna.fbcdn.net/v/t51.2885-15/e35/s1080x1080/92385240_228799528196729_6528365405992591682_n.jpg?_nc_ht=instagram.fsin9-1.fna.fbcdn.net&_nc_cat=105&_nc_ohc=54MrQWVXI9gAX_iPSZO&oh=b5aaa4cad8cffb9b6901b88ce2a07454&oe=5EC75107"
"89","rain.akv","https://instagram.fsin9-2.fna.fbcdn.net/v/t51.2885-15/e35/92828826_207278170572661_8359911499817255457_n.jpg?_nc_ht=instagram.fsin9-2.fna.fbcdn.net&_nc_cat=101&_nc_ohc=15pbLnxS1ysAX8NA0hO&oh=29b32a255a9005ba6fcfde9958febdcd&oe=5EC4B421"
"90","melissafumero","https://instagram.fsin9-1.fna.fbcdn.net/v/t51.2885-15/e35/s1080x1080/92243665_2636439166576619_5062155575601864870_n.jpg?_nc_ht=instagram.fsin9-1.fna.fbcdn.net&_nc_cat=111&_nc_ohc=0k2CZoN-wgMAX8CTooq&oh=94b8b17fd818f0e549a3e235d09406f3&oe=5EC4961B"
"91","__j00__j00__","https://instagram.fsin9-2.fna.fbcdn.net/v/t51.2885-15/e35/92236012_158878518918087_2303228297572954435_n.jpg?_nc_ht=instagram.fsin9-2.fna.fbcdn.net&_nc_cat=103&_nc_ohc=HLnq9IBGqbcAX_3VLB5&oh=b8eff141ca7235241feb1860454ae7ff&oe=5EC657F6"
"92","alecbenjamin","https://instagram.fsin9-1.fna.fbcdn.net/v/t51.2885-15/e35/s1080x1080/92818825_541084036807607_6829451587509119685_n.jpg?_nc_ht=instagram.fsin9-1.fna.fbcdn.net&_nc_cat=111&_nc_ohc=kMx0AQN3cRMAX_L6dTS&oh=3c7d6bbda31f9e0022794830fd5bcf2e&oe=5EC79C9C"
"93","vr23_artworks","https://instagram.fsin9-2.fna.fbcdn.net/v/t51.2885-15/e35/s1080x1080/92705027_808841679623355_6569687459349762207_n.jpg?_nc_ht=instagram.fsin9-2.fna.fbcdn.net&_nc_cat=103&_nc_ohc=IHafS90ZhLkAX-WSC-J&oh=c7e437d10c484b107919193d30188c74&oe=5EC6C263"
"94","tanmaybhat","https://instagram.fsin9-2.fna.fbcdn.net/v/t51.2885-15/e35/92859689_268400997501240_1752231858923069329_n.jpg?_nc_ht=instagram.fsin9-2.fna.fbcdn.net&_nc_cat=100&_nc_ohc=lTaGhguG-sUAX8AlWkc&oh=f2658bf982f6d0e4ccf0c1472b8d7cf5&oe=5EC5C402"
"95","__.harini_ramki.__","https://instagram.fsin9-1.fna.fbcdn.net/v/t51.2885-15/e35/s1080x1080/92286030_2570219266529572_549455972372287109_n.jpg?_nc_ht=instagram.fsin9-1.fna.fbcdn.net&_nc_cat=104&_nc_ohc=VKDVfz0dt4cAX-gMhN9&oh=40bb8361e1f14f7d0bb12e9caec849f9&oe=5EC4D351"
"96","mariamhafeez_","https://instagram.fsin9-1.fna.fbcdn.net/v/t51.2885-15/e35/p1080x1080/92457409_202804274503960_6882354260737374570_n.jpg?_nc_ht=instagram.fsin9-1.fna.fbcdn.net&_nc_cat=104&_nc_ohc=h_VjcyeKGZgAX8Avux2&oh=75020f7520b110fb199102ee8f8fb901&oe=5EC6E4CD"
"97","pioneer_university","https://instagram.fsin9-2.fna.fbcdn.net/v/t51.2885-15/e35/92827215_213189463324089_1321770761632913965_n.jpg?_nc_ht=instagram.fsin9-2.fna.fbcdn.net&_nc_cat=109&_nc_ohc=0SHxluSOWzIAX_4BRpy&oh=43c7141f4c7beefc2911955f0087a85c&oe=5EC5B210"
"98","sukanyavenkat7","https://instagram.fsin9-1.fna.fbcdn.net/v/t51.2885-15/e35/s1080x1080/92682553_552272255428759_5545120941762068306_n.jpg?_nc_ht=instagram.fsin9-1.fna.fbcdn.net&_nc_cat=107&_nc_ohc=6ZK3LwNCZiIAX_razzo&oh=b1d2e7ca4701726fab708164424541c7&oe=5EC59793"
"99","tanmaybhat","https://instagram.fsin9-1.fna.fbcdn.net/v/t50.2886-16/92666540_2692009867711747_3956700827304936912_n.mp4?_nc_ht=instagram.fsin9-1.fna.fbcdn.net&_nc_cat=107&_nc_ohc=DS44lsmVbEUAX_vqXgP&oe=5E9F6754&oh=5bb3c32e936da36ed48d21921dbf911b"
"100","tanmaybhat","https://instagram.fsin9-2.fna.fbcdn.net/v/t50.2886-16/93081080_222651342290074_2208257378351901290_n.mp4?_nc_ht=instagram.fsin9-2.fna.fbcdn.net&_nc_cat=110&_nc_ohc=vfhdOdU_y0UAX8qpDDT&oe=5E9F1BF6&oh=a9478949e814b2afc202e5ae6645c55e"